CURRENCY1,MONTHS1,CURRENCY2,MONTHS2,0,1,2,3,4,5,6,7,8,9,10,11,12,13,14,15,16,17,18,19,20,21,22,23,24,25,26,27,28,29
EUR,12,EUR,24,0.9260560568411175,0.9246124800256124,0.9245376985368753,0.9322216404206867,0.9357813582560341,0.9341320944860781,0.9330231343155969,0.934769112496189,0.9294496308500354,0.9297563799390822,0.9239644855815958,0.9274121119378514,0.9227945954064649,0.9247907449620779,0.9210342329308282,0.9287827876120753,0.9257919213124086,0.9361250229833494,0.9317852902151,0.9305368485655815,0.93207926825439,0.9406403160809461,0.9366776934196296,0.9356721422102916,0.935359510721152,0.9297998958113056,0.9335087497835839,0.9305514267574034,0.9275811127196364,0.929061138594507
EUR,12,EUR,60,0.7204571675730749,0.713863200938629,0.7148797372963543,0.7324449385444766,0.741936167064819,0.7489256443312836,0.7547720670094792,0.7492618508185076,0.7311363948874839,0.7320386320311582,0.7334630629631902,0.7390628729254453,0.7276734623691503,0.7248910761605347,0.7308823173682407,0.7363859001664279,0.7420388880974522,0.7642290149737389,0.7433436747542885,0.750563782853066,0.7561203810939114,0.7529443372374208,0.7616827743072153,0.7541740525222674,0.7554267302107378,0.7318157155516035,0.730284425457055,0.7275253819784497,0.7195258553740224,0.7167632783480575
EUR,12,EUR,120,0.5526879565377523,0.5344041252998989,0.5464020587880731,0.5572211222498296,0.5764082252285816,0.5793995840478434,0.5867095144229798,0.5823101648371403,0.5409244833667691,0.5475353848284811,0.5655048205513103,0.5805450361771634,0.5531987255492434,0.5508569921819673,0.5568775038171377,0.5586155176590636,0.5646529126348712,0.5948146159888457,0.5672308028275932,0.5753446782608247,0.5731082452956989,0.5887282755834815,0.6040557174105873,0.6095426568856624,0.6089276327656883,0.5936877499019955,0.5815571627125599,0.5733703702337445,0.5649092104092883,0.5545571710367299
EUR,12,EUR,240,0.4422492465101509,0.41042833035246606,0.43046320006839944,0.43531914302793384,0.46750153212534407,0.4657564139821612,0.47208999904189536,0.4568797371381666,0.41324093858075306,0.41749385530302646,0.4466634816295352,0.4770944308699086,0.45345122741876476,0.4564296871919747,0.459025454849744,0.4709640934015743,0.483623040151063,0.5163812500303079,0.48317080310400573,0.48892983322007727,0.47640207865533796,0.4933673723155116,0.5070053941804246,0.5216583899868869,0.5260137519769271,0.5184797562606895,0.49659318927390883,0.47359905270549124,0.4567037677201493,0.44577539199015803
EUR,12,GBP,12,0.6274603134977411,0.6296990246607996,0.6153221069617568,0.6323396936115029,0.6675007612402747,0.6648867384820091,0.6716706701123271,0.6497890553619243,0.6419573497202515,0.633514264630488,0.6395024234819489,0.6532763649188921,0.6616965376217604,0.6944389727677047,0.7071998845011535,0.7106640862861395,0.7068201152359888,0.7046520548083047,0.7080264123292855,0.7153633220907272,0.704613560747563,0.718406706387766,0.7069213982789322,0.682750628984072,0.6731597793509403,0.6688056805293687,0.672120426682149,0.6764643715073687,0.6587887681740993,0.6434271500158546
EUR,12,GBP,24,0.6109560400054347,0.6079094181683509,0.5953278155296928,0.6211010834609639,0.6513474505492639,0.6505315570397241,0.6536426207219793,0.6322238310690593,0.6203412193956408,0.603369134475482,0.5940000140485162,0.6033030257688459,0.6069638501706035,0.6333151072380456,0.6475055735149361,0.6539766367060537,0.6528459248801736,0.6673961605091957,0.661331722731999,0.65959250226947,0.6567321585193692,0.6689009023073628,0.6626328035672143,0.6397712306376253,0.6414549369144644,0.6363060471779753,0.6398495412882355,0.6469202984122532,0.6341790625814823,0.6161500542976014
EUR,12,GBP,60,0.5630836459423315,0.5421009405913522,0.5490185867656548,0.5775048270784126,0.5973360817283382,0.6001787886444702,0.5912191586133652,0.5667836350916128,0.5515399619996283,0.5216295152125895,0.5225536571515353,0.5343001434086244,0.5280438868771207,0.5359648549061263,0.5500724006017379,0.5375907485555376,0.5424591945138844,0.5737691891699187,0.573590630013263,0.5795260104926668,0.5897881516886445,0.6074615610067546,0.5956385583345158,0.5790191901132512,0.5779504695704868,0.5746567742813554,0.5671926373614788,0.5812578455936891,0.5745397614573341,0.5618529701327825
EUR,12,GBP,120,0.4877454308647777,0.44508730160765403,0.46792210294513376,0.49882195731171247,0.5148709343830522,0.5170744816118084,0.4997802854207395,0.4668983976431729,0.44933676726061395,0.41177555617857414,0.4268666505428154,0.4403311835241196,0.4244310966553788,0.44011108951087813,0.4446400913630811,0.42056615010657367,0.4325460398461835,0.4679297197366399,0.46902433724912207,0.4710185529077309,0.4871554895119167,0.5116235121758386,0.50279927025618,0.5019615366968185,0.49586487924190203,0.49806414272913213,0.4820965863112283,0.49800679603822595,0.49155647840635674,0.48326151872968964
EUR,12,GBP,240,0.3999506244057994,0.35384813670641657,0.3912708589737646,0.42299240334691157,0.4305579051921219,0.420222837386843,0.404128247310746,0.3501583891302169,0.3277860675681509,0.28680326863222827,0.30136157495694066,0.3079439408896256,0.30608140385410826,0.33774585990752665,0.3397041499547883,0.3111069326164626,0.3414587666700412,0.3792752410162568,0.3741534079788807,0.36622935379530375,0.38780207470683625,0.42075951640947673,0.41820354114295816,0.428261185744514,0.4270098629394605,0.42260707400981995,0.40167251615961597,0.40854102063251774,0.39580882392924294,0.3835002517440125
EUR,12,GBP-EUR,0,-0.03361509172949428,-0.04080878440012197,-0.011782096974574571,-0.006560328963673533,-0.017385741534210068,-0.01618280423692847,-0.017260329028854247,-0.006309149147015332,-0.022331741947451852,0.004852144971013513,0.0026615774503527803,0.026142599412303093,0.043331093187562404,0.05536655079345711,0.04571647231979904,0.07261377507619392,0.09416667804465202,0.10122098187051254,0.11153880909965788,0.12919739509737882,0.1258290665011477,0.1402153534552035,0.15436130804747777,0.11988443910582369,0.07730205506291835,0.028333035636894138,0.035406907970688725,0.018778048072606867,-0.02334856463944762,-0.024708555508538253
EUR,12,USD,12,0.5111581410549795,0.48685387661806995,0.49381764794388106,0.5421090463971211,0.5409979055453713,0.5566784664649825,0.5636250962060978,0.5499218429289381,0.5139585349530995,0.5283751929044985,0.5249838561221267,0.5208028294645585,0.5073422860909372,0.5567748796415704,0.569779211554,0.5516508038900907,0.5708513044883199,0.5698662134709426,0.577905657523493,0.5540255612213236,0.5561237677695674,0.5520079442248031,0.5826661415222213,0.5879772796831201,0.5899029128395836,0.578340896806316,0.5769375843840518,0.5594017431841405,0.5332467438256712,0.5113453904654238
EUR,12,USD,24,0.5679391072830161,0.5230121695214995,0.5473719621789723,0.5928146150276087,0.6079470257276143,0.5940072208524838,0.5957261596940614,0.5906395026918952,0.557690278755823,0.539517675747709,0.5351081862761073,0.5052432160919736,0.4991069437556688,0.5092128905598443,0.5218808304537117,0.5183743467534095,0.5388163446711645,0.5373906720609588,0.5385942821913622,0.5387482834856415,0.5390673471758071,0.5334546187639656,0.5689570590780475,0.5774938041109055,0.571628467631982,0.5465193260488508,0.5567845616743178,0.5511511068615712,0.5400076878162021,0.543727963217604
EUR,12,USD,60,0.4876289311610188,0.44700352916287805,0.47694646821955256,0.5208349139039216,0.5481665005085303,0.5377031256805481,0.5457081311858042,0.5284920969978039,0.507574017728167,0.4945036188948917,0.4874977426770734,0.45909693378406496,0.44075643083352395,0.42586966961800776,0.43276211765555983,0.43091115617186404,0.45730760060705083,0.460327871059722,0.4547823460986207,0.47358529157129414,0.4702887563171456,0.4704915555763618,0.49142230442605417,0.4878225549510087,0.4964764381318067,0.46946142213668307,0.46954237902800244,0.47215566054355196,0.46001326122833697,0.4667912808792817
EUR,12,USD,120,0.42996003582261394,0.38609446310543605,0.41448129999710276,0.4517168425554984,0.4741941779108885,0.47899134280943195,0.479312507013672,0.4562048623588576,0.43178976583033246,0.4147641489393972,0.4189958594151882,0.40799989566592865,0.3904070012479574,0.3788917692502237,0.3823278002179479,0.3667103791768452,0.40238658135751043,0.4149781911872887,0.412760596906857,0.4384178119806078,0.42889511149236303,0.42575153894516027,0.44111204473572935,0.4351069207552367,0.44887654449510495,0.43310240590568255,0.4289951748622002,0.4295366712416428,0.4126367110388095,0.4231759890532994
EUR,12,USD,240,0.3776418683902846,0.33900256098079834,0.36568198734881047,0.3954736465542039,0.415595604473631,0.42699185551550634,0.41931632928531865,0.3906147720731265,0.36870386284289397,0.34689647436085963,0.35251126108353653,0.35149961570179755,0.34766481753932854,0.3323159214205013,0.3295504400854148,0.3058823033447161,0.3446537002667297,0.3618221633083593,0.35801788681944596,0.38340414874400675,0.37654054873005716,0.37486515876818277,0.38312439438061024,0.36582539990053664,0.3896588724572012,0.3761076413372866,0.3761936377017786,0.3797425310309975,0.36430549090582937,0.3831501624364297
EUR,12,USD-EUR,0,0.23677758424428094,0.22640771323096961,0.21414083959552838,0.17727180201248774,0.16810499582238841,0.17260128301554606,0.17817923668759858,0.2050698115236653,0.20273074600793978,0.23957334318015333,0.25171538825474127,0.253196639467869,0.25497095768250383,0.2922352729097488,0.28399082880966514,0.3101251973725393,0.2935648710172894,0.25120464574575085,0.2620437285918366,0.2921228793737339,0.27083602446263716,0.28162780566501955,0.2746446335022668,0.2458824073941259,0.19620032393300316,0.14935658734766585,0.1687794843517991,0.2039072618314469,0.20816438307427668,0.2302003743772497
EUR,24,EUR,60,0.8911931777279585,0.8715681484902761,0.8730919992133386,0.8790676396276839,0.8812801718993335,0.8851640843659527,0.8966828737394476,0.8950115306554928,0.882985713110009,0.8815194831967114,0.8853453094112222,0.8866052338796534,0.8739039553673297,0.8709499872161262,0.8761820157892528,0.8704158096905177,0.8805163148353216,0.8871241752236826,0.8790372799283501,0.8820223382237501,0.8843012894287072,0.887447091219395,0.8945566837319514,0.8931610633027831,0.8909935005434555,0.8835879127931949,0.8790350105165221,0.8807928506399147,0.8870687612286299,0.8878418733277722
EUR,24,EUR,120,0.7056069079439259,0.6777761773767325,0.6906063676085991,0.6928891249997231,0.7023694450964295,0.6998941747320033,0.7163450052782774,0.7220830791084728,0.6906290915350483,0.6915833964165289,0.7088109438760221,0.7183438636611175,0.6846105154188775,0.6810850692936045,0.6790778797670098,0.678046720348494,0.6958562993398517,0.7091334263131809,0.6846374818753468,0.6866611280908025,0.6749477867848462,0.7081174401662285,0.7249925202350411,0.7337263585561078,0.7271195866259411,0.7229556731757563,0.7077092451577588,0.7077877711337485,0.7116702576658389,0.7096656790277941
EUR,24,EUR,240,0.5576082588591585,0.5231746271756322,0.5458093841639672,0.5454365183370562,0.5695320075666996,0.5643550425793253,0.5764632882503465,0.5746802731404159,0.5403828821649685,0.5418331819010538,0.5710411995050076,0.5961800576424765,0.5650751157903587,0.5641089973394308,0.5562194645022125,0.5641968686021273,0.5940502213836307,0.6101104648273081,0.5737910393283899,0.5567804025063298,0.5388959449541871,0.5782482850870945,0.597358813414643,0.6113363621586352,0.6089952024144794,0.607900788191176,0.5824527122622192,0.569112699014698,0.5600568478712395,0.5613897944600887
EUR,24,GBP,12,0.610105616213147,0.5833031438012454,0.5836671949805059,0.6113299947516716,0.6426167985191102,0.6352934346409114,0.6403782097103117,0.6057413539592903,0.6268903667286154,0.6076813995456669,0.6145755904688859,0.621631085480077,0.6256348668257538,0.649379598073576,0.676111377784996,0.68353440308575,0.6767730635741549,0.6679157082602497,0.6751954502479768,0.6818543393675908,0.6759111603936933,0.698749435029347,0.686364458909951,0.6708982788296644,0.6572259721643205,0.6466507208314881,0.6541516438671138,0.6453412883726579,0.6361208149899545,0.6263367169344441
EUR,24,GBP,24,0.6664908463406036,0.6321909598822063,0.6271534026060176,0.6617038403092609,0.6915479191238595,0.6851386062120052,0.6856810338534342,0.6507295538618919,0.6672484331586506,0.6431173014820812,0.6344873513846124,0.6370537981684284,0.6432816598542171,0.6604373067065485,0.6898192543143965,0.7032977357948701,0.7017477870573818,0.7074163294560077,0.7116845289445075,0.7196657593664858,0.7167942464315109,0.7296066037598535,0.7148890914096435,0.6958183407922569,0.6922477582740977,0.6932394131047773,0.6955911270039506,0.6843486683164727,0.6844218330376923,0.6726616431460631
EUR,24,GBP,60,0.6548529743368643,0.6085908775409276,0.618784012602229,0.653270987841098,0.6801552847796162,0.6760995523392823,0.6664797877788264,0.6364959420989161,0.6415292489443394,0.6107672131738832,0.6081922337516726,0.6122185718092572,0.6035065914386909,0.6070506066307624,0.6247263770859788,0.6187696095890883,0.6318029050159967,0.6493555346950052,0.6592224869280316,0.6665640345172542,0.6691520349660202,0.7003537268011805,0.6787148965728004,0.6642038616706138,0.652727805527233,0.6630749398056811,0.6509503875998087,0.6487387596938575,0.6580340442946468,0.6555227596936156
EUR,24,GBP,120,0.5804176939887725,0.5170199559624828,0.5415080575768964,0.5735221652402965,0.5973832310315221,0.5956111346767167,0.5825706853299009,0.5487230056933232,0.5464649272905352,0.512003624935271,0.5227640849875803,0.5256094749157958,0.502068300659216,0.5177670664282592,0.5200728337319268,0.5011240976848466,0.5261574692984032,0.5413964057054861,0.5549527178850904,0.5461671075858379,0.5492942651399788,0.6012596787849346,0.5850041441353069,0.5844909445455913,0.5618074347700166,0.5768906733430728,0.5549343160547309,0.5656708419757385,0.5734122128032535,0.5795415993547696
EUR,24,GBP,240,0.4861012404730435,0.41569684377140964,0.4523980993422494,0.48183545598658567,0.49575443285000625,0.4821703125299186,0.4659648258116579,0.4117286448909869,0.41297379976500936,0.3716250544116899,0.38575429238596826,0.3763067479624364,0.36626812361542677,0.4010703886501499,0.40182231342330005,0.3865178668887822,0.42805551096639816,0.4445370122856983,0.4514643043254462,0.42434840504747695,0.4330450460198907,0.4958969851219461,0.4848412314872398,0.4930062391330562,0.47982902827313684,0.4892115867654571,0.46177770246802674,0.47596445848390995,0.47965307281529734,0.4780904796766571
EUR,24,GBP-EUR,0,0.012769436714732204,0.04239785099814342,0.0652947409066305,0.05902189931553893,0.057979029143467815,0.0577052596000005,0.04823939878708457,0.07027688969442655,0.051815837820105785,0.07049414997738394,0.05779865016323182,0.07126395648204607,0.07894919547951738,0.08074495666827565,0.0729025243960124,0.0982871946731542,0.1282328861462208,0.13575437249327948,0.15214346668806264,0.160490601201798,0.16395330509290085,0.16742423417284835,0.19773238261537118,0.1788820299216828,0.13416156784109792,0.08002200294408808,0.08755772631758016,0.062394547234532936,0.008983193024777144,0.00810560277398302
EUR,24,USD,12,0.5137588302282785,0.4874021865280803,0.4913336991303515,0.5324666864125054,0.5229482229814525,0.5473029613073219,0.5547523886527879,0.5440242159636958,0.5079939067947459,0.5403161537411529,0.5254649529883475,0.5055009480204903,0.4827255684309187,0.553064772755941,0.5765743391102103,0.5651634679066067,0.5910501921841457,0.5842856829347214,0.5968991454799565,0.5642876527141287,0.5655832310187829,0.5670682829251612,0.6040588122425632,0.5959746196847897,0.591589483751771,0.5777297221764629,0.5796875058498021,0.5662924909221343,0.5281896117743573,0.5104484561210288
EUR,24,USD,24,0.6342117635657646,0.5810544983078646,0.6109189511161385,0.6444556340539134,0.6574011568545548,0.6513523794919707,0.6516038827800933,0.6537498013472676,0.6265427397416421,0.6172647890001062,0.6038857748564885,0.542254617639367,0.5246503768945064,0.5517021798251723,0.5698103658669831,0.5741798869861174,0.6090988996204145,0.6046115754430138,0.6103024520375898,0.6072097574503231,0.6088998715678678,0.6115648505918333,0.6437191551336076,0.64543708052831,0.6318285924980082,0.6132979248099464,0.6181518386491985,0.6155286256590036,0.6081742904193147,0.6123851517763923
EUR,24,USD,60,0.6064324062763758,0.5472384162613931,0.5843630553936705,0.6067563730242407,0.6348765645915685,0.6285002729537715,0.6408348116478915,0.6316241821822897,0.6157574356676163,0.6082941816117855,0.5930455876767187,0.5420303884581138,0.5076111376993899,0.5023138083429818,0.5034956051796745,0.5106631768447688,0.5501324775327265,0.5413486510357418,0.5401623386962838,0.5547483146038873,0.5514275977442464,0.5707931236591003,0.5813500307573307,0.5708842209543437,0.5692600583315691,0.5492056573402821,0.5483158318573765,0.5669463246966793,0.5676782311092524,0.5843681997025411
EUR,24,USD,120,0.5433605662692258,0.48153840591416375,0.5142798323441008,0.524611521777813,0.551145336454408,0.5602555068458446,0.5699012703352342,0.5541343749112193,0.530998945193993,0.5190109180600041,0.5108776705890324,0.4838347815880577,0.4477051964836268,0.4482596287556629,0.43985352342401,0.42700298785683405,0.47780768620845415,0.47700328654146584,0.48248743133965893,0.5031665387855153,0.4929632628409404,0.5144536198040025,0.5154932813615934,0.5030191828311658,0.5013558604703161,0.4930699386700094,0.4870164855648557,0.5106076738538219,0.5059423084476935,0.5328997023322366
EUR,24,USD,240,0.4726015061939807,0.419817521482223,0.45069802581926294,0.45616326350953745,0.4748860018680385,0.48424812408897194,0.4841127878244704,0.4687530200023801,0.44301579818034514,0.42633762625549093,0.4210706346291524,0.41347796849486457,0.3941694026272597,0.39375574864214097,0.3774177633872234,0.35053190143932317,0.4058254576143306,0.409522477686879,0.41357039417810043,0.43735413183405675,0.4256930503500451,0.4472404581744114,0.44018931621217444,0.4144685792376513,0.418369388552503,0.4147703107365441,0.4104876196076833,0.44319676986073614,0.43655597087672293,0.47454176709085977
EUR,24,USD-EUR,0,0.2379807023887793,0.22626223590424546,0.20389737689175738,0.1797408112862216,0.17256184818579962,0.18999971945676672,0.1916824194796848,0.22167757834564733,0.22312086835803077,0.25580784190923966,0.2568233238226495,0.26321272699488785,0.26258387451579374,0.28294246412882973,0.2693988558307057,0.2979048363678673,0.26065165663393625,0.22790367258458996,0.24210024106906533,0.28437142129095755,0.2588312208727937,0.26525582675375636,0.2673145622138035,0.2594156208963811,0.18556401687734253,0.13770615809205758,0.16351535236483145,0.18781019000819338,0.19780268264627204,0.2238266673713956
EUR,60,EUR,120,0.9173861308418113,0.9087426504628354,0.9128295075806242,0.9157078038983009,0.9211887390024465,0.9203279578879371,0.9228763361345544,0.9250434226523687,0.9170729332586106,0.9201231345468922,0.9245354929396056,0.928665159411248,0.9198091540596788,0.9197439540156107,0.9158159566932466,0.9202490691786424,0.9263324882923688,0.9270013216338202,0.915812956582942,0.9154498395994826,0.9069891507518523,0.9106259051745879,0.9160930092245647,0.9223945365186574,0.9216612885717684,0.9227448057019463,0.9152802749903796,0.9137874990328408,0.9090040241424754,0.9154001810311664
EUR,60,EUR,240,0.764755013864714,0.7320772651959844,0.7405829987723819,0.7492527097084001,0.7731096419434471,0.7746859069873117,0.7764847585572646,0.7722144415872694,0.762387618039398,0.7630729269550234,0.7733457229655006,0.7926430661453032,0.7845549513371142,0.7908588018444197,0.7831212112058902,0.7911746144425178,0.8183604481764083,0.8191237701621583,0.7945322895447819,0.7796163761629736,0.7650008521486077,0.7653013370344772,0.7771499358006704,0.7866693071286568,0.7879454381943437,0.7861320401080377,0.7643042892802082,0.7531772252977106,0.7355321433087891,0.752579058311041
EUR,60,GBP,12,0.5383626148182257,0.5078202627385798,0.5144747297021146,0.5359516357018113,0.5616091186248632,0.556885792911451,0.557350297918171,0.5257374866225941,0.542899934069429,0.5436102477639018,0.5422327097205342,0.5472545241149257,0.5539830183722266,0.5522352562996218,0.5683123743281886,0.5745195828463507,0.5791294596380516,0.5885461412124917,0.590110649934847,0.5962166347897836,0.587451883104287,0.5998241479477734,0.5838850317393428,0.5888364559756689,0.5886216350673592,0.5676980439782375,0.5838534893004039,0.572721959561057,0.5711401649220061,0.5514141596066728
EUR,60,GBP,24,0.6697134645864948,0.6359643527485132,0.6323935834414769,0.6472225204317523,0.6677580808884112,0.6596948336495397,0.6556834572926084,0.6217321427128332,0.6350817145951799,0.6408561544436545,0.6269110148869823,0.6294999500736834,0.6393263630522265,0.6389220463213519,0.6579859369031263,0.6632901756716616,0.6656208375139385,0.6863677123979254,0.694525177967764,0.6978973189799181,0.6871006374217106,0.6916008489319666,0.6783177891491061,0.6787374857341897,0.6880500621338188,0.6834377861351718,0.6936579451724658,0.6835859972871696,0.6886739310300327,0.6715223582239167
EUR,60,GBP,60,0.762986105999998,0.7388477154940483,0.7407385954382703,0.7477273922979306,0.7644188896042295,0.7561081369663324,0.7418164642214903,0.7138684369360222,0.7243787782095982,0.7226459336605043,0.7173205540218414,0.7207406522159423,0.727938215218219,0.729188813271206,0.7396825911232134,0.7328613579945871,0.7378160065345288,0.7557021256307757,0.7698746771020902,0.7728293215989644,0.7599199167009668,0.7664642113220922,0.7486307830272885,0.7423701783309755,0.7460523143763449,0.7564365385828548,0.7496445444909016,0.7455780826734721,0.7606064926741233,0.7557098476387966
EUR,60,GBP,120,0.7519224532542907,0.7254043007182231,0.7331531890467409,0.7409847567130536,0.7585519704080191,0.7554764624187179,0.7347584272189651,0.7004626437228254,0.7124081551390804,0.6980004033698997,0.7039626141774428,0.7052200645234482,0.7064865167601634,0.7239674786481914,0.7207020750441152,0.7068327992265645,0.718263472212717,0.7258280190792419,0.7491437804330403,0.7452513943855151,0.7348466598173651,0.7494331909244296,0.7352646935310383,0.7308922881329165,0.7185482668634803,0.7390278499856804,0.7177625257933329,0.7240971936067728,0.7381013448994813,0.7394850440620554
EUR,60,GBP,240,0.659676943479169,0.6167514233430625,0.6334721373978617,0.6382226507896891,0.6532685362826455,0.6473393515272373,0.6247060995218066,0.5692377742197903,0.5881782831844365,0.5681598109811231,0.574371476499023,0.5589078321755818,0.5759953186719446,0.609824322169758,0.6079719621777889,0.5981404431347385,0.6271488461740599,0.6359531115623811,0.6571854667587077,0.6341455247659636,0.6254120044290215,0.646322910110975,0.6341270787706814,0.634448010860758,0.628153409020458,0.6599844738793611,0.6324977285817359,0.6420346105710785,0.6537295063824818,0.6398975334898823
EUR,60,GBP-EUR,0,-0.003980588607149773,0.026740664249011843,0.056569531697264676,0.03258570315673003,0.03441079172052438,0.03390546416432436,0.03809175033836369,0.0646653805690617,0.0539594253525213,0.06290104487160658,0.044623768348577834,0.028523020532069746,0.013998180232084519,0.01171676126490599,0.008522195001609499,0.026868505308291473,0.07166606501384427,0.07340173781925478,0.08938803437741077,0.08992926375203003,0.09631088547628508,0.09760796921644767,0.15018567636061708,0.15064318409884164,0.10907445701197611,0.06966078897461578,0.07790461896598233,0.04083296127505144,-0.017449793446154823,-0.029242688109586662
EUR,60,USD,12,0.4469867372957621,0.4371629267793168,0.43290484782037447,0.46503045068716503,0.4737381220596322,0.5093442328067974,0.5108534439838861,0.5039881612007061,0.4774668031832467,0.500681134187439,0.5040972192321249,0.4922219418407536,0.4850363817466755,0.5253271449511551,0.5320505791091309,0.5314280606681757,0.563131212752518,0.5491864224371262,0.5571111981832986,0.5276269454941281,0.5201211284029894,0.5036922827255487,0.5496034104659526,0.5285814710995016,0.5138944978487874,0.4891514128726844,0.48086037144565025,0.4705457050950764,0.43315673206193006,0.42392343364883867
EUR,60,USD,24,0.6358170512381539,0.6144292157741388,0.6145769459719509,0.6313529219293565,0.6498699402192353,0.6531248391459289,0.6442049503301446,0.6494511492428519,0.6267602931297913,0.6199558041172385,0.6242245059075293,0.5733792928480449,0.5795399587903605,0.599667387724327,0.6063388056265485,0.6183985695510685,0.6481034252211286,0.6341680082687732,0.636198533545504,0.6312921896629531,0.6200484324714043,0.6096781805000434,0.6534495674882198,0.6440262044003624,0.6422813153425976,0.6148317832836665,0.6205343196238786,0.6233428599190138,0.6099793955978684,0.6083755974092456
EUR,60,USD,60,0.7268210683882161,0.7037625121119162,0.7133278603072791,0.7138455062112061,0.7434208561898396,0.738901340368572,0.7390238410714374,0.737004362633227,0.7387841442272807,0.7355564212461291,0.735651223015294,0.6955255308895208,0.6887004253899802,0.6885326844941895,0.679866247026906,0.6918734827956033,0.7174734081296504,0.6985305318818634,0.7058505988774677,0.7130523086356447,0.6920096676099617,0.6929851177958315,0.7076485475765185,0.6859794765578568,0.6873817903285947,0.6643882782061462,0.6653536880927562,0.6894899352669476,0.682789922932939,0.6970640366286175
EUR,60,USD,120,0.7096881635505182,0.6862685068851677,0.6953451885897495,0.6898535709346078,0.7210327455215572,0.7323326652567346,0.7262219927781971,0.7128630954631665,0.7144066749416546,0.7119193476339318,0.7111672730819253,0.6963825503760537,0.6866429414319041,0.6946696600849873,0.671988350507666,0.666064851116312,0.6976837738822019,0.6827681378137457,0.6969821292457034,0.7106950252701612,0.6863636493575389,0.691706429740209,0.6952012318125903,0.671752216655434,0.6719609335937909,0.6577639084465196,0.6439018729317875,0.6710954187525182,0.6552247181975008,0.6837665960985504
EUR,60,USD,240,0.6525358573651959,0.6379881184875447,0.6499271327756249,0.6419251277258763,0.6620979134144587,0.6736989179309543,0.6543381070591263,0.6395589747788225,0.6363143386869365,0.6295519670771776,0.623653725883252,0.6271791405194249,0.6301020053484212,0.6449595152888425,0.6169124503264408,0.601233486825755,0.6381203056129904,0.6260184695761923,0.6387563539432233,0.6582490297642956,0.6379510849265153,0.6391144659677036,0.6336605251111125,0.5995512528944348,0.6000419467886985,0.5898755130448812,0.5703181218507698,0.6082635171815286,0.5881892089822178,0.6310875018965733
EUR,60,USD-EUR,0,0.17021799094177817,0.15350371701721832,0.1213980826755049,0.11754375668337629,0.1077646413798182,0.12668043030244708,0.11966229565783361,0.13808213543120684,0.12413552214167281,0.14832853856656844,0.14229151856043126,0.1407201173048704,0.13217214285776893,0.1542414890177596,0.16539337002068485,0.18990962101687361,0.16218252516614656,0.15435319516669468,0.16085558735123523,0.20804414752389525,0.19738593308912836,0.19958784083375808,0.20974603401541755,0.22333011798318742,0.1422401017310131,0.08837796403308772,0.1070422756730011,0.12707898765131448,0.13524557447945953,0.15459308141802716
EUR,120,EUR,240,0.9355412423063048,0.9250711329542471,0.9251396033422641,0.927068461353449,0.934700978378633,0.9365000516971437,0.9363786527823036,0.9329534327503278,0.934911234212386,0.930872663185015,0.930624938326392,0.9383733646524404,0.9419715251775121,0.9471990352033527,0.9446505062111096,0.9455483260742005,0.9544334633413659,0.95434127137944,0.9507449365976104,0.94717873554528,0.9464720953117306,0.9454961513756422,0.947400722843314,0.9463140079595198,0.9470683730077113,0.9444474022438696,0.9383391528475834,0.9353803614597784,0.9302494433004285,0.932370249965606
EUR,120,GBP,12,0.4281095214565737,0.38542732406774116,0.40668091671103584,0.4311171637466803,0.4629289568035978,0.4564193649812462,0.46719810044203164,0.4486418567982085,0.47391120892864236,0.468423063208917,0.46794668038751763,0.4793035655538942,0.47965970883097026,0.47335551398137643,0.47129277690121846,0.46681442107664683,0.4779427457131929,0.4882143714423413,0.497935316784216,0.48507557340593876,0.4510072217308392,0.4567307822008276,0.44493969955046636,0.46527758568759914,0.48558238649541674,0.4726815240948621,0.48305488075174646,0.4681675115547113,0.4510664387163923,0.43751892606519865
EUR,120,GBP,24,0.5716035638800292,0.5250797479152267,0.5341659833877699,0.5499050529677628,0.5743027154853171,0.5636459050852368,0.5748387191150618,0.5544135284799317,0.5751704523358293,0.5815308457326878,0.5723368350132958,0.5807608623167525,0.5831549584507635,0.5819917688568472,0.5877590142768945,0.5739359275251049,0.580424287364522,0.5994232580585569,0.6077880283404311,0.5917775079305869,0.5554345179230793,0.5573265830924611,0.5517877011816824,0.564139254156517,0.5913821271811266,0.5888676862905853,0.5945804004853908,0.5820006622707806,0.5738646966694001,0.568116232035605
EUR,120,GBP,60,0.7395879203557679,0.7110172234630138,0.7170980697883296,0.7230986269095544,0.7410451471094561,0.7269263407415767,0.7276832704003245,0.7101729628610577,0.7279610217217705,0.736750593861418,0.7351757468235403,0.7412588937511959,0.7482516266673048,0.7497707500188114,0.7571436707668003,0.7331823195363347,0.7382166931001336,0.758856909811334,0.7718986563658411,0.7612437906504861,0.7271186125367469,0.7235247606697346,0.7021878924708503,0.7014645692288597,0.7197078310222497,0.7309680507884142,0.725972046674632,0.7181732572195986,0.7234489381809172,0.7263724953210584
EUR,120,GBP,120,0.8171542792450004,0.8010478982468585,0.8052241217454248,0.8124646702358299,0.8246985690092996,0.8130031392151441,0.8003950493463676,0.7711328368244383,0.795685112437157,0.7886430120724932,0.7952635891532747,0.7982968548082915,0.8027941273653177,0.8141913326178867,0.8111867608444204,0.7832851020839261,0.7876890489363455,0.8002633962074224,0.8265092697680058,0.8232789359115925,0.8044181651640124,0.801492460816901,0.7770172729070505,0.7763397709950444,0.7742454630244265,0.800527596594367,0.786689051045232,0.7874254477530758,0.8008788760270766,0.8008659909159899
EUR,120,GBP,240,0.7673362307182111,0.7438312514804637,0.7518873927620617,0.7566696018463289,0.7711159099186928,0.758973356836396,0.7409864603592885,0.6892567334284748,0.7287670563548739,0.7124514287680866,0.71905747429843,0.7070434457014383,0.7273908753074001,0.750696661902871,0.7448454454455936,0.7169709858792722,0.7280259980276247,0.7377888920558768,0.7654886628597126,0.7519734569504479,0.7342461808291905,0.7351599268014645,0.7095272936911203,0.707958995584682,0.6963840524699997,0.7590872813902324,0.7398415816297412,0.7436687797349838,0.760165425844792,0.7456780481326006
EUR,120,GBP-EUR,0,-0.022903141431938726,0.023797388969101517,0.047848518261732885,0.01125749229767927,0.016125952478842742,0.013974859151379082,0.005543636101445582,0.03253101385155255,0.024674949164266376,0.04393365633664153,0.01814489407287353,-0.008958893117024575,-0.04076984588983656,-0.04569221595182342,-0.05041892693198814,-0.03233796558025823,0.0007378382485899363,0.0015830083762893132,0.028055426401953003,0.016322890202188384,0.02284980095478233,0.035345933407223334,0.09840776679728214,0.08272107488158517,0.0337617515246119,0.01819408565203268,0.038655551260793154,0.011419214472044213,-0.01664504219267887,-0.03456916100582703
EUR,120,USD,12,0.3886206944447955,0.3718242037662764,0.3632840406615729,0.38548269332454593,0.4003055605355559,0.4283264002999085,0.42913504076866693,0.42267098534435077,0.3884666122097429,0.40129981184608066,0.42113632063867534,0.4209876238960526,0.4134993747169705,0.4439468735678446,0.43966441459381617,0.44159044286006677,0.47630754375135914,0.46852420524521876,0.4632546686452814,0.4540616566596082,0.4379840385187528,0.4435305303520208,0.48677362064445084,0.4642579940284315,0.4632707325399135,0.4418897705202648,0.42384860438204713,0.39888119213861606,0.37904697535775145,0.3682963460326962
EUR,120,USD,24,0.5679024352719472,0.5519740684386921,0.5414892078523126,0.5437711631025446,0.5705323219547449,0.5739376096447588,0.5617420684088247,0.5728500637171778,0.5391088663610771,0.528635109499418,0.5557324521738292,0.5244659817983878,0.5293705474874901,0.5484152645612539,0.5520498092455222,0.5543361780803372,0.5856374323083205,0.5799699001195368,0.5656695318900565,0.5643106309173391,0.5394308062172098,0.5443840287677666,0.5728990203892554,0.567059318277392,0.5763945057838787,0.5498041055712138,0.545961099391057,0.5298285490421548,0.5266790869748927,0.5317057504685283
EUR,120,USD,60,0.7253639324846792,0.7142491325605693,0.7128310126759849,0.7010637646751164,0.7254766654388687,0.7238215590293233,0.7201699715265856,0.7272305776311132,0.7144503027274346,0.7100948465873979,0.7324691221008407,0.7089170711529048,0.708744288996847,0.711128362847237,0.7119633527265307,0.7115884555596079,0.741826289743268,0.7344462814767181,0.7418124254539165,0.7450323860069877,0.7150740197345423,0.721697417204671,0.7177700024710219,0.6893270671180202,0.6975961671740931,0.6787009837277799,0.6725651052391025,0.6726697729319951,0.6732776448022518,0.6855411757848172
EUR,120,USD,120,0.7768377664745223,0.7673550531063138,0.7692192025513489,0.7587366392304965,0.7821220924372686,0.7891430943491511,0.7810154261244934,0.7760147800763917,0.7625676479918851,0.7601223034952189,0.7729935588061364,0.7649820788378251,0.7604731444473287,0.7647080933927047,0.7587579572358308,0.7422964644833558,0.7722482276673772,0.7666068373592154,0.7868900192912834,0.8006679212791638,0.7816390073739639,0.7898857560413092,0.7741247945525201,0.7450752787552575,0.7518621364533776,0.7369855754806719,0.7235654169547404,0.7267096058800551,0.7217380261652477,0.7430151283977947
EUR,120,USD,240,0.7659617799204187,0.7656019751971622,0.7706446587369449,0.7638487079231796,0.7721096946339278,0.781026373491582,0.7606300072851275,0.7503791703650928,0.7320704664157549,0.7258223628205,0.7321375967548787,0.7341731388896978,0.7370396723540881,0.7434082254878375,0.7379498311939311,0.7119225639685648,0.7445982259931557,0.7406006030622475,0.7669836965545674,0.7900827197867514,0.7846058584784035,0.7887291285411288,0.7686616446327275,0.7318674077172245,0.7373867328565185,0.7182894929124857,0.7033197346569868,0.7151185294839976,0.7085584294055474,0.7395695139670507
EUR,120,USD-EUR,0,0.10130827916074667,0.07209887434187573,0.03622790857572259,0.045413573822915096,0.04838278616048718,0.07919561613354069,0.07364046471436855,0.09127453949110051,0.092202653466139,0.08827609590877615,0.09200208308109781,0.09061609556655857,0.07307105835486745,0.09879713220215898,0.1183141543415916,0.1270919601202474,0.0913558925341306,0.0898856572670643,0.10871551068730806,0.1398636701482253,0.1468760440857887,0.14378405497814975,0.1464360803964165,0.16925093580396086,0.08894296241159654,0.03941786003148709,0.05122223823261779,0.06354326915873339,0.05432094334755937,0.09073044295921005
EUR,240,GBP,12,0.33938298607635914,0.28771545967729734,0.3272940136970368,0.35062827800633556,0.38591270012792833,0.37758346346798244,0.39463110530522477,0.37356975444880386,0.40095556198271504,0.39462945279021755,0.40417009865306025,0.42445890304555045,0.42609718133061003,0.42932442029018925,0.41414457780617675,0.4124051494266992,0.42616628766364595,0.4231978143295897,0.4311865871652492,0.4149567919403864,0.3660589071630375,0.3633873551190387,0.3538294742179156,0.37414642008104737,0.4020644900781864,0.3946694104047444,0.3989322706782939,0.3763145740581823,0.3450932165090594,0.34437427343606175
EUR,240,GBP,24,0.45852243509421714,0.4015803107460245,0.42808652756750376,0.4422292619195936,0.47417100068358725,0.4602451307551736,0.4804284449734873,0.45939564302670194,0.48037367860837904,0.48587410366012823,0.4873687644544019,0.5046029355297634,0.508285726765706,0.5186683795839437,0.5149077168438844,0.5065193296903991,0.5182738825852304,0.5259926281323116,0.5294296395445968,0.495246884434614,0.45276724899789395,0.44584933291195394,0.4438360344941954,0.45289063467267787,0.48446402701895164,0.4800681285012591,0.48113660306068357,0.4587068390507673,0.43701376412002213,0.4505570283373512
EUR,240,GBP,60,0.636814532873083,0.591876509978164,0.6127659476402377,0.6166911200595462,0.6469214287262057,0.628443678616557,0.6385145317362622,0.6216679656587035,0.6370927500385624,0.6594370478255026,0.6607095285055363,0.6756565784765638,0.6816469455086519,0.6880596246028842,0.6917972237712932,0.6695548438952504,0.6844132467266052,0.7045339735845871,0.7131020296487269,0.6874153968852778,0.6522452214432186,0.6393168704088337,0.6170946597203993,0.6121019139022285,0.6287397676895535,0.6348963943594158,0.6283218514665577,0.609597354388975,0.5957759751043951,0.6222022505806345
EUR,240,GBP,120,0.7604308569957771,0.7298181151831143,0.7469439192945122,0.7570778106913572,0.777999634697102,0.7588645602318872,0.7539174152381558,0.726346198449312,0.7486606066225056,0.7627231702290309,0.7671079887207214,0.7768196299985454,0.7772626343720516,0.7843855871164905,0.779758206732737,0.7505599199243971,0.7601339416333677,0.776451006015709,0.7979838811000084,0.7840859221237575,0.7715588896327673,0.7599860467492942,0.7334565246272385,0.7275548610296004,0.7220109037554217,0.7476866524944271,0.7354022605738559,0.7253129609923737,0.7221689035453869,0.7479457810358885
EUR,240,GBP,240,0.7558479921134018,0.7298783765645158,0.7477305845669512,0.7579508685199882,0.7805746705148213,0.7574096326420346,0.7462902818478441,0.6989255412764236,0.7359284352182783,0.7411518469949666,0.7501596630242374,0.7430848965646409,0.7517368105929354,0.7671105290570193,0.7557278983135797,0.7260370090419116,0.7356480217701283,0.7483172243148769,0.7719164761371438,0.7549022482845805,0.7457371006720837,0.7380145676769686,0.7117705342812515,0.7036810183401325,0.678762984468748,0.7497605578655652,0.7302603348825693,0.7203797946670788,0.7205661507805293,0.7387850351755328
EUR,240,GBP-EUR,0,0.009091238820514894,0.05150919400398781,0.05341094946519834,-0.0016503239266060519,0.019463240247948984,0.017416789724158537,-0.006427139050539518,0.021402629790152002,0.011418269357509597,0.04552798943319043,0.007441317225388939,-0.013525901125554823,-0.05522933526682172,-0.05552590038967474,-0.05935682449904909,-0.0418035907927037,-0.01514888336011623,-0.01435928349556618,0.011857565631464732,0.01194419912699935,0.0070362267436641845,0.02425853852188762,0.09033919810176042,0.0750771110048435,0.013382960940061382,0.011811475210276217,0.043219205318886345,0.02777672577839285,0.026995355985019218,0.004616322776313013
EUR,240,USD,12,0.3254022174598323,0.29811235165606315,0.28956255342553916,0.30885884312361794,0.32370055967180006,0.3400305605542118,0.3430770209888457,0.3309702698573589,0.2969433224940498,0.3050057341920429,0.3283443608704829,0.3338070356997277,0.3248595075949994,0.3677177098991407,0.3593865476800844,0.3692183278820725,0.4164480161241823,0.4084903343557102,0.3972784084453354,0.3970889647844966,0.38119508004007474,0.396744452025738,0.42427905925373327,0.40231043535687444,0.40781251364533516,0.38968662559965345,0.3612376444409976,0.32476265530672493,0.313357779450752,0.31328549894433083
EUR,240,USD,24,0.4643702257025525,0.4362328419661299,0.43403980687010774,0.42985835716722554,0.4612699248187015,0.46085008948751793,0.4528979172580074,0.46542841061690293,0.43124737229065857,0.4195042399668418,0.45499662707162136,0.43062748574530224,0.43236530665627365,0.4685520115476012,0.4706978879044932,0.4706897374586166,0.516367546468618,0.5116396651126791,0.4908040917422193,0.4865283375460972,0.4570462163877465,0.46769402281976646,0.4688076412382315,0.46171692726116637,0.469831987538178,0.44204162527793367,0.42642502243361435,0.3954447242150962,0.39570962636262075,0.4229045178705693
EUR,240,USD,60,0.6275587444675507,0.6083198075163826,0.6187561993029722,0.601691981662153,0.6271607844735053,0.6232685075120856,0.6260584437525315,0.6374638383542242,0.6128220653578652,0.6061233991693517,0.6381952275971963,0.6227825610140342,0.6199568319709697,0.6344561776960127,0.644921329094709,0.641205515641388,0.68936823181231,0.6863914929040531,0.6947425983017168,0.6981109396158027,0.6610578663005455,0.6690758740308029,0.6420873367219965,0.6045962164369623,0.6045797735924235,0.5812343273656353,0.5684360916466227,0.5522267713514388,0.5576489811921032,0.5823056809499548
EUR,240,USD,120,0.7215998476379054,0.7086433391789347,0.7256233788303366,0.7111786610817864,0.7381997983005752,0.7319416868057803,0.7340820237218145,0.7384522925493826,0.7134745250785762,0.7068625807588669,0.7245644979999404,0.7154226882692236,0.70778869906061,0.716049469229823,0.7266104622995653,0.7059500300602718,0.7481942918567588,0.7471839285995906,0.7710878161840733,0.7858246667854144,0.7650559046484946,0.7754965945326318,0.7408906529132936,0.7023505106230407,0.6984521311131523,0.6776979252704927,0.6661396024059063,0.6528184092684518,0.6618974940469282,0.6901657645599404
EUR,240,USD,240,0.7459089811977322,0.7442993758464407,0.7599902583940721,0.760384644085473,0.7696631027194383,0.7663905926032852,0.7596984189894425,0.7606548104716934,0.7353326026464393,0.7230904926922871,0.7372651633290557,0.7310732590314076,0.7240125212131998,0.7254108802531631,0.7443083408362471,0.710774975151005,0.7488910683530998,0.7493306268035044,0.7820195856496939,0.8065803420389925,0.802111750652108,0.8101710280678491,0.7762757989712396,0.734428995169301,0.7306659273507019,0.7014965303050146,0.6936315176112934,0.6875325861090116,0.6984139884305366,0.7303937750689615
EUR,240,USD-EUR,0,0.11274908492748686,0.07614343785530853,0.02684580864430551,0.014014885419106385,0.045023000309180765,0.08492361079272784,0.08051364859762866,0.10065445567267096,0.10574083457749073,0.06753835698847092,0.06537407153305336,0.07532873188219733,0.051365880947873345,0.08544742408553879,0.109635883134778,0.1127907643872466,0.07757647474918045,0.078211552423889,0.10788747173889898,0.15318181226967795,0.16011713255095802,0.15750033414736125,0.15028254555866497,0.18124127543421722,0.1071282823813843,0.06293629372923439,0.07880935079312194,0.06945557268598437,0.04903796928875372,0.09096239559001046
GBP,12,GBP,24,0.9338570284863931,0.9328006727133124,0.9382400078137481,0.9448139660905488,0.9462353652310941,0.9482506684116148,0.9492547828474944,0.9495600219602426,0.9451177103117018,0.9405326367593975,0.9366362626262276,0.9340083090396291,0.9271752524124619,0.9215683074991823,0.9203345593643618,0.9199983870107291,0.9219281836346461,0.9244304212274731,0.9287477938451342,0.9223407643779833,0.924052222218907,0.933513739323517,0.9402922524649023,0.9429258492636945,0.9456760952493022,0.9356810071981106,0.9392548530086504,0.9393976979831204,0.9362483958902384,0.9337748635534739
GBP,12,GBP,60,0.763684145044625,0.7465300770835095,0.7660043631425376,0.7962888917868921,0.802818087743336,0.8097546381683781,0.8101000560482011,0.8080784315833639,0.7956278941100127,0.771762838340578,0.7631307174845875,0.7619182335136538,0.7521327094356162,0.7367730564895127,0.7298419043483647,0.7260684028554493,0.7283158580376785,0.7339037304538732,0.7520766229263384,0.7485753595682274,0.7582107368140836,0.775657706350713,0.7848469603919858,0.8005222468858056,0.811774421538935,0.7880237432887758,0.792657925540545,0.7891176705030006,0.777795169558346,0.7708174336800143
GBP,12,GBP,120,0.5881985765058588,0.5515041482824959,0.5855704640962752,0.6309494491402623,0.6485987914998601,0.6593460474697713,0.6624096119001357,0.6656198641759279,0.6532515995875253,0.621808442306187,0.6117669455418342,0.6184536721616719,0.6122916042057618,0.5964421371243848,0.5781505216934141,0.5735870923041938,0.5767524173980383,0.5786656401994575,0.5942230958804181,0.5808217365786945,0.5872658599484778,0.6037393361782023,0.608965851611874,0.6414415309408888,0.6695068385019324,0.6308937029759593,0.6362350612477612,0.6283561215685347,0.6069919505207763,0.6002195275740174
GBP,12,GBP,240,0.44760906720547855,0.4127183092774308,0.45681078123403673,0.5122285977165846,0.5410872214775135,0.5518666313408566,0.5749568803169715,0.5793287093455983,0.56704354616257,0.5268969717124928,0.5012067308678262,0.5150334488480071,0.5068630642185816,0.48738913714961996,0.4584064722384605,0.44995798024958383,0.4585185218109281,0.45156521129036564,0.46675768059939565,0.43428472745931807,0.4476254861526903,0.48094889566673416,0.48253554941621773,0.5327767928003273,0.5914334820301811,0.48762199388458405,0.48939929632647583,0.4657852936482429,0.460789120042565,0.4621930624950083
GBP,12,GBP-EUR,0,-0.238473469069204,-0.2685375381774288,-0.2825921821377475,-0.28839894941946753,-0.285602239015642,-0.27305224099124503,-0.26402292806684147,-0.2679180199739098,-0.2778284088523045,-0.30117243531640664,-0.33704962895539,-0.3205075908272295,-0.3181624003376454,-0.30037387675847926,-0.29696437168539946,-0.28615640883813603,-0.2808903928850798,-0.2705665721837691,-0.2252528569019047,-0.21423108922517237,-0.18730458669205646,-0.138660391328583,-0.09724367685955687,-0.09181272504397857,-0.11735209621416776,-0.12467409787892135,-0.1376239257290436,-0.176816982989481,-0.22263136844626186,-0.23418196884087433
GBP,12,USD,12,0.4520372953089627,0.4863491839205358,0.5164642803782761,0.554307242896749,0.565045647867059,0.5689728813134091,0.5737223695846992,0.5560069972982841,0.5547132920717315,0.5806949833309188,0.5857497845106138,0.5878921488986435,0.5801571024293939,0.5871156320375178,0.6174874429979148,0.614239614284731,0.597560948766462,0.5702648507428003,0.5821414322179458,0.562229147048299,0.5521114780989325,0.5742181575766947,0.5807342041376546,0.5736906187032901,0.5757664997045526,0.5473352643310618,0.5298627271298071,0.5362004497168822,0.48357461492650855,0.44638405743693843
GBP,12,USD,24,0.5222787446499445,0.5116131591979685,0.5466763869063408,0.5791708276483856,0.5842816446844321,0.5629132913501557,0.5701234970547807,0.5632287372314595,0.5834497845812819,0.5820771216736507,0.595380862255823,0.5726423146604129,0.544505585414936,0.5476207781786955,0.5770612169081782,0.5840382501575377,0.5883542643751956,0.5729183496031562,0.5840760818639624,0.5781078330598401,0.5705220964431402,0.6023061576331722,0.6153259308626949,0.615330747688067,0.6332612224908817,0.5898743270454802,0.5902896280443926,0.5916116978755478,0.5605350739175511,0.5347937832026455
GBP,12,USD,60,0.4590376323934596,0.44249278768922345,0.4957756493567797,0.5332546030608472,0.5482544344906212,0.5272380864351579,0.539237622236775,0.516778629170167,0.5336842830072208,0.5295900110035668,0.5431726495746267,0.5295630876282577,0.5075658217379594,0.49482296604788073,0.5039938118279155,0.5169790554121062,0.5212743383141837,0.5036059149898792,0.5148062882716615,0.512546354758528,0.49849336368251995,0.5127859918366885,0.5215173532626768,0.5400922039721039,0.5666193988423671,0.5231123712509365,0.5211242777907746,0.5246847397061519,0.49172233606292354,0.4823917334321555
GBP,12,USD,120,0.36996356225779997,0.35014596838113365,0.40385040618965384,0.44221012201606213,0.459729606975321,0.4591241480166985,0.46084471268172617,0.4355723277032941,0.4527370147082776,0.4510053204142417,0.4720091945766861,0.4713437495473182,0.46315420042193095,0.45027474473109447,0.45220274670693106,0.46354207685500587,0.46690482784032794,0.4477685771239378,0.45195931609855716,0.44846817831118213,0.42161074876780363,0.4102166451584725,0.41729097596859277,0.44543529991167286,0.4799270185887449,0.4457703616374148,0.43566630550587937,0.43711320404632886,0.3952819935698169,0.39552661472793793
GBP,12,USD,240,0.3101957801131006,0.2988948309443827,0.3425582771975824,0.37538202026457745,0.3938262387829167,0.399512319004449,0.3964343408988725,0.36508258931261595,0.37812723926993214,0.37678325797889595,0.398637422898601,0.3983400610564524,0.4038319732188276,0.3982817055627328,0.39466306700496356,0.40356120993737826,0.4138666450405144,0.3890857205346569,0.38789360423935043,0.3850721795814411,0.3517422601036009,0.32509669564559823,0.3267721574283913,0.3434514251268399,0.39009242044289827,0.36961555954606695,0.3577164697790704,0.3647274638073488,0.3239376969503888,0.3388531943201019
GBP,12,USD-EUR,0,0.09520869081649702,0.09370492318480987,0.03946102817597398,0.015213890789646625,0.02804173815419947,0.033065723583475926,0.042377158512404776,0.02419628937600035,0.04265769067652887,0.014019624185966684,0.044934616541848015,0.02930734865903017,0.055795385983475054,0.08484116354390944,0.11806744080727807,0.1477334138888861,0.1369754807130894,0.1393026738013087,0.12578953416385047,0.13505739010053883,0.11804920981409307,0.09455394894740368,0.0884773486614231,0.029240683275672818,-0.036196655135473356,-0.05332609689569094,-0.016795069730866044,0.005747344837228349,0.04463966581998005,0.07728752418480567
GBP,24,GBP,60,0.9127188983807724,0.9018248281418717,0.906854120452192,0.9196098980014153,0.9232568551868332,0.9262044164619506,0.9252859786384401,0.9236589986383748,0.9205325451727795,0.9107255424925339,0.9066182746737247,0.9081679039067119,0.9049342433819005,0.9035420606707516,0.8980181195021337,0.8939536979884477,0.8934062169125724,0.8951785605884014,0.9032660827143073,0.9031430565250698,0.9077109643875105,0.9125068387461586,0.9184811582185446,0.926608245630522,0.9308045199790942,0.9251056191670038,0.9229081103872442,0.9229719350433463,0.9191690911976789,0.9157626514130544
GBP,24,GBP,120,0.7320533600474286,0.7018807787486326,0.7181304696100296,0.7461261888555201,0.7615437523373406,0.7700659641246015,0.7726324593521736,0.7775054049193605,0.771443668774813,0.7568578438122806,0.7479569426998095,0.7550371212707915,0.7488288149896349,0.7455998242607809,0.7271705579918878,0.718027768200768,0.7214059411518716,0.7207871427934701,0.7299440684099723,0.7174292733000251,0.7204715043441418,0.733111288473275,0.7450849190688223,0.768471638151441,0.7865452881291042,0.7612000881354014,0.7583417337154845,0.758106810322263,0.7423604576431678,0.7375895483529675
GBP,24,GBP,240,0.5778958840763454,0.5503758651591025,0.5739865207887452,0.6133762227290477,0.6389420416245845,0.6477549668736389,0.6698244125046365,0.6741585970126217,0.6643600407560352,0.6432259175162663,0.6208244039639831,0.6316128327655733,0.6230123735036336,0.623908399854983,0.598954729474438,0.5870306633687139,0.598341820883852,0.5872676294560899,0.5923212786321015,0.5586672255185632,0.5747525692680143,0.6037997379094218,0.6151410519215316,0.6580065948867532,0.699430429359712,0.6153383067978968,0.610456308575791,0.5932206170925044,0.5894707361124788,0.5885748732067784
GBP,24,GBP-EUR,0,-0.21310919508102516,-0.23428592327120668,-0.22991780298487877,-0.2396382262702062,-0.2366387778190235,-0.21540410789676545,-0.21376812729572278,-0.21841323629225726,-0.23857805322904946,-0.25386558169338835,-0.3058205899724821,-0.2985464260347022,-0.30970513992197785,-0.2996267838867665,-0.2936246371638107,-0.2923550593534122,-0.2857162185586994,-0.27906118653694173,-0.21394301395463253,-0.20414693660561778,-0.15997215959913053,-0.12809620550069445,-0.09263371620696052,-0.09168156238716872,-0.11413178498698548,-0.1194257800543339,-0.11914137748379863,-0.15770035377629707,-0.20109130144169718,-0.21795966143408627
GBP,24,USD,12,0.4537638141124468,0.4849668158965807,0.4893199557410872,0.521489772972124,0.5350364514547291,0.5450255310664804,0.5513739147652807,0.5288297954608412,0.5294274396690172,0.5499114769446298,0.5532732065438266,0.5504791822725293,0.547436393150163,0.5757627588970986,0.6017384243203745,0.5922514588665879,0.5938891624838692,0.5740114271504583,0.5887316463872717,0.5549186394246216,0.5393553484919958,0.538187797733356,0.5615090469918483,0.5527415088719146,0.5577967591208117,0.529586726042625,0.5137834750489914,0.5185575820870354,0.4733659188567791,0.4420883844153405
GBP,24,USD,24,0.5828143043424607,0.5729552759791774,0.588442912375419,0.6111780886459032,0.6225429556219557,0.6081620602336035,0.6132820772004859,0.6079508068848115,0.6343681842655212,0.630664020871382,0.6450885801632111,0.6147639648581431,0.5833950942539582,0.6086637213849153,0.6330098505240138,0.629302308706748,0.6491181468374047,0.6458977934464101,0.6533976667597,0.6344325580683519,0.6296344472999096,0.6394803773327307,0.6561185276277405,0.657072258942935,0.6718500570907032,0.6394376288429691,0.6299579382342159,0.6397221331870665,0.6179196334466045,0.5914423458678457
GBP,24,USD,60,0.5736349261455942,0.5529370285638082,0.5839938538730138,0.6056069596502199,0.6302123483272799,0.6103697274402761,0.6193792706224983,0.5989091823692778,0.6287277606355011,0.6279292093707401,0.6436006117834013,0.6278827693612565,0.6000969175753803,0.6113658864811299,0.6146948178296924,0.6185070820730456,0.6337086895210181,0.6258734685028758,0.6309065067772122,0.6150474029810008,0.6058800975265629,0.6048933623250381,0.6204776076986687,0.6357326207349758,0.6526235729853491,0.6247945455876062,0.61221982247886,0.6255989034999073,0.600473560327965,0.5906717016881439
GBP,24,USD,120,0.4929453358403003,0.4683402431137177,0.4943633386892234,0.5138566910265246,0.5402828081752411,0.5390948157504697,0.5388820652063031,0.5120043972619912,0.5361445855709492,0.5403911179513697,0.5643153111551804,0.560869790574299,0.5484174261720356,0.5575765626560266,0.5510746500140826,0.5527589840577808,0.5679399784235202,0.5615834923681676,0.5636699113380028,0.5510858600796567,0.5284512387906423,0.508317175932033,0.531143236202657,0.5551912083890786,0.5789999603539492,0.5595589470881752,0.5379151007754592,0.5465876524495975,0.5107416669421647,0.5111530472102163
GBP,24,USD,240,0.4244963523157765,0.4097615956914031,0.42987576121331583,0.44227315796616945,0.4637272740235082,0.46666357066467223,0.45916956959773736,0.4234112408352474,0.440543749710463,0.44175019934909826,0.4707609199651868,0.4712722649818781,0.47524586489833426,0.4921067991309884,0.47958424864736615,0.47747631009823116,0.49932931717724943,0.4899981479489207,0.48553426080980705,0.4782933257050771,0.44739827665321363,0.4166316127556538,0.43565504528924764,0.44849603467318394,0.4785762484824523,0.4703548484991956,0.44622052160106146,0.4630829123240236,0.42640505678865037,0.44362298793600086
GBP,24,USD-EUR,0,0.08427240608277572,0.08638081178413941,0.032291566878765394,0.017061182417209244,0.014406771138510379,0.026592751634592,0.03919695816191898,0.02340994258076842,0.028381758161020582,0.005388343375136027,0.03171453477987427,0.01886453163807541,0.03539967115602617,0.049252385023996995,0.08467609414922556,0.11831630762300449,0.10751722349058905,0.120958960836002,0.1070983018565123,0.11085514333055423,0.09607762483949939,0.08513572761753513,0.0686669306836573,0.012381367563424244,-0.06378501102275021,-0.08808786236454762,-0.038345870307041154,-0.011791506709469502,0.025672497843238072,0.061352817519285056
GBP,60,GBP,120,0.9227189319427972,0.9165228407222005,0.920675298680718,0.9245599224989022,0.9298981726077659,0.9322792098930175,0.9357770952314687,0.9386860872167627,0.9365573329206947,0.937112563080874,0.9339530745183844,0.9360477005338891,0.9336177960487256,0.9325000294860258,0.926728553481926,0.9253652061195512,0.9286019518183305,0.9278162427416613,0.9283635640249028,0.9226761264133422,0.9222480387363626,0.9277047014613531,0.9297257217135846,0.9352797980288343,0.941577558334147,0.9304227353210907,0.9299185733239071,0.9303439838662967,0.9238030375383435,0.9238215910866784
GBP,60,GBP,240,0.7818013122893459,0.7776629913900602,0.7899626027089991,0.7992656747785007,0.8081655285346371,0.8087085393025554,0.8283289557021809,0.8244423786517171,0.8175123330563664,0.8170003038345561,0.801695770173044,0.8053819207274823,0.8043137797044639,0.8122879330583177,0.7996142354429493,0.8001088889552306,0.8143262864538158,0.8070710000222474,0.803735307156501,0.7820792621030382,0.7935827895101311,0.815116218638128,0.8168376106574537,0.8385559257869903,0.8576150525336539,0.8057540566628115,0.8034697078597788,0.791423387743829,0.787452994546401,0.7859445339889928
GBP,60,GBP-EUR,0,-0.1996519319104047,-0.19601038398481582,-0.18298354029447092,-0.2144907383008544,-0.21443172692547935,-0.18588523510265414,-0.17937749516099905,-0.1720010459131894,-0.19036178219142152,-0.1783386257418525,-0.22582719111341842,-0.21584741609120595,-0.24599443864912585,-0.25694603780060166,-0.2675181851988429,-0.27190829675304484,-0.2566114702253928,-0.2623924440397241,-0.19107114618587104,-0.18333207239991278,-0.14073686440589311,-0.1165838841911563,-0.08655756198781597,-0.09134066143590644,-0.12307405948557253,-0.13573127904291576,-0.13797086632231528,-0.1602385132083271,-0.18710283915841583,-0.2023968444155987
GBP,60,USD,12,0.414309127774973,0.43829126503058674,0.42968382780235276,0.46268661148061235,0.4749967351107558,0.4897878059110122,0.49242899578529675,0.4716706139932408,0.4680120265628256,0.4736412678872875,0.48858150172705805,0.48545578059264743,0.4795449298441981,0.5089890033961204,0.5224443054231257,0.5100963207872672,0.5235122385724587,0.5109824952512078,0.5235457657343289,0.5023312424663288,0.4870923149103236,0.4830163730832668,0.5060721884632406,0.49838026114599615,0.49360714616197493,0.4673589809815369,0.44620366995336913,0.44678978064949076,0.4256434025866768,0.4046317895390204
GBP,60,USD,24,0.5891056142023169,0.5896858464998934,0.5858253305030892,0.6056327103073932,0.6146671279150562,0.5990822949600144,0.5921270132633325,0.5940724720303296,0.6093176037807777,0.5939736474485343,0.6235635225252484,0.5988503190183552,0.5780569021018906,0.6107469805347425,0.6305617233226603,0.624342739786304,0.6480694341486593,0.6490601201765903,0.6408925138839078,0.6278478347762516,0.6252861940858933,0.6295919653782291,0.6376640629776906,0.6426566136147445,0.6482408686701241,0.6173350788779084,0.5996904437011888,0.6040213961995455,0.6041743098227471,0.590597233513638
GBP,60,USD,60,0.6841421714825056,0.6783558184606481,0.6879820773519767,0.702434824594886,0.7197738560229779,0.6945208278145761,0.6946684478654729,0.6900867988930343,0.7169370944370653,0.7012764832234667,0.7325525752259014,0.7199570560954978,0.7028939660022608,0.7256044501208506,0.7413012484173871,0.7428551887995852,0.7672639994955389,0.7630612217978373,0.7530625340692229,0.7405775755955842,0.7319993700219024,0.72448714169999,0.7229045877087089,0.7284193163692396,0.7253158406195735,0.697785198152058,0.6801149646926633,0.6873437034730381,0.6866866609764221,0.6865332013731804
GBP,60,USD,120,0.6627714345676017,0.6522795569839596,0.6618237672319595,0.6741443234699757,0.6909603179344601,0.6805125852121611,0.6760796890359233,0.6606872983195424,0.6855063742955747,0.6822444672686596,0.7198150127644793,0.7143029397783484,0.7104892742697262,0.7283864119986537,0.7363768388518096,0.7356536741822083,0.7588123671363781,0.7594956586362135,0.7503692814364071,0.7430498355395528,0.7217374370044598,0.7001300997134429,0.705183260551138,0.7168869988767366,0.7186704415139253,0.6970530585313106,0.6740645010966132,0.6770787816925778,0.6590438780174417,0.6673847845522184
GBP,60,USD,240,0.6150579705499923,0.6128795567483297,0.6166265275603421,0.618079468113109,0.6292249681506281,0.6235840486792987,0.6116255003561517,0.5865256558811754,0.605476347974486,0.6038330826486134,0.6451883841128121,0.644874614411027,0.6529969209980552,0.6785436662788223,0.6860099667610887,0.6828727576293793,0.7137164352103625,0.7156762274848338,0.7034316034080459,0.7001251421912372,0.6711301444633331,0.6375939374843069,0.6376493481016002,0.6399435252030188,0.6428738401668684,0.6290602814928166,0.6037836343830026,0.6168348918907576,0.5922711341118444,0.6175559851287745
GBP,60,USD-EUR,0,0.048614703816691876,0.044982014510034786,-0.013520276917676682,-0.02548676606801707,-0.041315536847589256,-0.013644187934567694,-0.011441048913040163,-0.015690211785126258,-0.02478690106933349,-0.05397073121011754,-0.02512395413312051,-0.028487059889582077,-0.028914952529883645,-0.0214403882875009,0.0194523406201891,0.03215348194639593,0.021421961992055455,0.04742389119814028,0.03925402949389798,0.060755115450576755,0.06375358113062389,0.06332894394721233,0.042995522721324446,0.012279843937854102,-0.06570462950214237,-0.09635187043349316,-0.050231773518021015,-0.025431559629548944,-6.821123603151561e-05,0.031038584425066466
GBP,120,GBP,240,0.9303660987598925,0.9301382834828535,0.9360671233984835,0.9366396777895113,0.936139502139578,0.9342771348377349,0.9379584403990169,0.9336460018922077,0.9314140605517812,0.9325202962768363,0.926443325415731,0.9252704337553194,0.9284855702179714,0.9329704283120108,0.9304149089924355,0.931731767808717,0.9369443080578521,0.93464428296587,0.9324513562049672,0.9282534745558051,0.9312541451577968,0.9386539119838083,0.9358423968746199,0.9399834491207997,0.9429204103174069,0.9312722297025254,0.9305159610272377,0.9271918744598652,0.9293038879220716,0.9280028856052365
GBP,120,GBP-EUR,0,-0.17259666929450168,-0.1346944739724343,-0.1256734845373031,-0.18549129651295196,-0.18284930325352922,-0.16124274433637426,-0.16520102325603217,-0.1514200300184212,-0.16428395935117598,-0.13459726452167917,-0.17890467859353895,-0.1761437942919307,-0.21701339037239248,-0.2455192597059665,-0.25690180150294134,-0.2540876044569077,-0.2298771879269519,-0.23530137719283084,-0.16962467444367166,-0.1565152315367549,-0.11920252087093007,-0.09833140714387927,-0.06144468908333804,-0.07276066700430776,-0.10509643199516297,-0.1289369087502343,-0.13421411848866707,-0.1397377035821595,-0.14584698826784442,-0.16285814247544173
GBP,120,USD,12,0.3700947260697584,0.37510027787428935,0.36309115634478273,0.3927834735257971,0.4003794098145095,0.4140656380705363,0.4133595583976968,0.3943223369290413,0.3920608916040197,0.39494817343066835,0.42403753055112153,0.4283987244355291,0.4216938860108214,0.4529131060665597,0.4450255186208265,0.43866309893469196,0.4494564875090363,0.4343143075913438,0.44789620687704135,0.43141368347747594,0.4197896760741374,0.41077767577316,0.4330774829285246,0.4338718986504849,0.4222481945562286,0.4046365813959241,0.3758604892058368,0.3683979326657332,0.3626942949162405,0.3551557306279539
GBP,120,USD,24,0.54800780312433,0.5477726593107046,0.5306753905685437,0.5463599206620409,0.5464905886018261,0.5309981610003917,0.5124034190721127,0.5136723518067228,0.5210171818314276,0.5065219988091385,0.542440612188491,0.5307086581980157,0.521968291469569,0.5608336929327724,0.5634688653779876,0.5643451607000111,0.5795799915360091,0.5727221730132354,0.5627494807756237,0.551021945913641,0.5555841793218628,0.556274755655706,0.5614384261915666,0.5733464533127506,0.5730675496883929,0.5460205096099062,0.5273210655944488,0.5187257304311486,0.5295497397983375,0.5318101787720139
GBP,120,USD,60,0.7181946433961842,0.7164847073447898,0.7067159543252786,0.7212392565349344,0.7198504965168966,0.6980073653885811,0.6890107201940051,0.6881912123003183,0.7091311714894888,0.6869034597709254,0.7217385293912759,0.7110686098183325,0.7075775034065738,0.7348822367070909,0.7469709882840972,0.7520190170467052,0.7704201257928263,0.7593404922996398,0.7518624596744837,0.7453928140895487,0.7434590376922333,0.7349914358606356,0.7283446601606497,0.730711102761026,0.7190164780141745,0.6957778103777104,0.6804492466751605,0.6724860359003155,0.6860062883155247,0.695575218507839
GBP,120,USD,120,0.7746447827966135,0.7679934984956833,0.765231205260509,0.7821353234895754,0.7803709680390539,0.7635336088272924,0.752082239927981,0.7397478262046843,0.7675354416382651,0.7601047629755844,0.7971160752568187,0.7836592295008604,0.7872794800672817,0.8046616664127022,0.817194012362174,0.8190959060047872,0.830863415162242,0.8243144294019684,0.8192220600892874,0.8171201946531964,0.8075801090000547,0.7923467869317483,0.7913916196848295,0.7973015620948488,0.7868597369954191,0.7690504372186273,0.754115233463774,0.7461565989128267,0.7430921651691184,0.7578178443801844
GBP,120,USD,240,0.7715290137606573,0.770962000393787,0.7610469977027056,0.768770434943997,0.7640153230170004,0.751133806493674,0.729704882937295,0.7051852664159941,0.729295438634464,0.7293136903009289,0.7718239870424829,0.7616863595448424,0.7724297454327878,0.7933588161574743,0.8114977191962477,0.8103770089709034,0.8266905301743558,0.824233225202994,0.8176493253900715,0.8176691970779562,0.8050318129259288,0.7749160974444377,0.7709056501078234,0.7694827996160087,0.7546419725971486,0.7438867453149907,0.7277006692573156,0.7309124625857755,0.7201811213844843,0.7532899663729689
GBP,120,USD-EUR,0,0.01531943934241889,-0.004213649740705415,-0.07012272920609762,-0.08336828315869278,-0.09317161135447855,-0.0560423966780908,-0.06160953581951673,-0.05884961193163817,-0.06610495907183209,-0.1089724518800928,-0.07815122483347021,-0.07809124734190581,-0.07990588970570774,-0.07437018543639802,-0.03739048520422879,-0.026459121331657197,-0.05191607761771409,-0.0189262932076135,-0.025504647690103903,0.010664088565933007,0.0241873108164268,0.03815106294120847,0.02751284540071176,0.013892500344371804,-0.06422374737061975,-0.08828879021666859,-0.055106613794228175,-0.030228376424019085,-0.01567312818976215,0.008789939572447374
GBP,240,GBP-EUR,0,-0.13219217615174525,-0.06792318404057478,-0.06348285930384341,-0.14219983038306983,-0.13448008463211827,-0.12004341139109151,-0.13738204557149458,-0.12446162969890254,-0.1184160876502547,-0.08806613595290114,-0.14019286254617433,-0.14121998177195508,-0.17376026842808392,-0.21232240028503813,-0.2198232962534454,-0.22029432888903663,-0.19560879704164802,-0.18855758533854994,-0.11732423061715239,-0.10767283613153257,-0.06715779609739297,-0.04110815559434464,-0.0052496717147924735,-0.027871839089666235,-0.046407146500478294,-0.11926027927092682,-0.11583850446764121,-0.12200733339689837,-0.12630497774070001,-0.13788448809744955
GBP,240,USD,12,0.3172157126335475,0.29774940546078377,0.29168851479378594,0.33082886507963466,0.3328465491014687,0.3405788221722717,0.3417180452078131,0.313291859851038,0.30859792345847953,0.3103535253166112,0.3526397902802899,0.35749635527860724,0.35817075113092783,0.39316173845377,0.38089315344891655,0.38208854065816855,0.3951171155936697,0.3799348351303693,0.3966120900417491,0.3915230891321522,0.3772378549541227,0.36158490620209477,0.3766923502758368,0.3845599268657404,0.36666838742533797,0.36758775159502927,0.3246312326360629,0.3070663924933678,0.30313501052031594,0.2945928128397421
GBP,240,USD,24,0.4802509883381092,0.4637260835693247,0.45259563878044273,0.47571514214045246,0.4660743456890683,0.44908116806854087,0.42178093752564694,0.40772639476385397,0.4167456606449588,0.4043059723174666,0.4495129248581096,0.44280304436296136,0.4446460998301926,0.485453464783247,0.4775237594692117,0.47867310148751063,0.49508190675389707,0.4881577068344084,0.4864776431241807,0.4786338208504374,0.47787488871430733,0.4730922994006415,0.47005509716470034,0.48923219709205024,0.49409098116129463,0.4755774966852987,0.4506683152122379,0.4378566328823895,0.45222330454712517,0.4530057378956467
GBP,240,USD,60,0.6405983263896521,0.6183729256849189,0.612321267579796,0.6386453707728414,0.6205018661755649,0.6027134462219957,0.5817692817386881,0.5634216401051689,0.5821501009358714,0.5642603350894381,0.6044996723762925,0.5955050246180419,0.5996040252087101,0.6276780342849393,0.6380711845942216,0.6433748467094457,0.6672734628294148,0.659154387999982,0.6618546764427892,0.6617833724403833,0.6503798866519366,0.6455914970823429,0.6366185769249241,0.6427915887316753,0.631603923430817,0.627893401220786,0.610835276680969,0.5998522612802126,0.6131079588636739,0.613019969700995
GBP,240,USD,120,0.7395363347744688,0.7123611159438289,0.7109368813821557,0.7361466041420704,0.7203002776394373,0.6983650793750599,0.6763529719558973,0.6490078474690163,0.6702494670435668,0.6686659249309863,0.7077347373408658,0.6863214570753443,0.6976592613719004,0.7176728143178643,0.7277677099335477,0.7326182652209855,0.7468877987697329,0.7452936520895561,0.7484588724537214,0.7503984646187947,0.7308250189070178,0.7301907479072469,0.7355523941245001,0.7418985469043845,0.7197849191577411,0.7390720899278129,0.7276443321988507,0.7209015691149726,0.7172356535920876,0.7190192684880709
GBP,240,USD,240,0.7697560230950674,0.74513455037863,0.7349303409697814,0.7485952823344989,0.7358241736357848,0.7176784279130219,0.6903112022928345,0.6490013681783202,0.6667165547389088,0.6762847039400628,0.7243955265363109,0.6997602845022303,0.7179134246651816,0.7387825384535056,0.7569352778070023,0.7584720542145584,0.7743483625332378,0.7774636796114901,0.7790825359099135,0.7807563955082937,0.7566443289207891,0.7406760914769588,0.7485374464926072,0.7441636823027794,0.7105674579064128,0.7509595699966448,0.7395947663918047,0.7420195604639083,0.727273527455199,0.749627941857839
GBP,240,USD-EUR,0,-0.022280115999662637,-0.04271573055237814,-0.1015699307794159,-0.11645414821515478,-0.12339097240454973,-0.09406733313817282,-0.08699802876909987,-0.09563613500292976,-0.0888091581522669,-0.14913699195755997,-0.10641256811469678,-0.10845613431193964,-0.10576356547396852,-0.09140088019376862,-0.0632279736447446,-0.03986258623825294,-0.06800073952138093,-0.02764447613851788,-0.030649525381678713,-0.0107345635545276,-0.008614254037483948,0.012434344889855765,-0.011688328661993558,-0.024774359247751288,-0.10499608784951131,-0.11347991052037798,-0.07575771561245469,-0.04411801154447907,-0.03792822654327128,-0.012897081431816212
GBP-EUR,0,USD,12,-0.22645653815385242,-0.26824862721718906,-0.2901722455998189,-0.28877264372878536,-0.2946071368004411,-0.27183753987432857,-0.28054955840402485,-0.23593477247884148,-0.2574189401653193,-0.24997243651113926,-0.2477439832348085,-0.23316464116397312,-0.2111866038483552,-0.17735790698952164,-0.18962267753870882,-0.15469537514441598,-0.10208212945689468,-0.0979537430787827,-0.09943920122527233,-0.07929709174294752,-0.06485451780275704,-0.10908957147882808,-0.09931722039429308,-0.10536640736564382,-0.13756402371814538,-0.1759251561494825,-0.19379210341227124,-0.21725289554396882,-0.24123613216436096,-0.21884944833283793
GBP-EUR,0,USD,24,-0.23534204100072514,-0.24303838557507632,-0.2478525568401954,-0.2581081253584827,-0.2360766882061467,-0.18544112586830602,-0.22360257557582974,-0.18014818676520555,-0.22039351587360226,-0.21696588689578283,-0.21337571895866778,-0.22905467000382296,-0.19609274502515073,-0.17762435929872022,-0.19261737506027385,-0.15248010339420856,-0.12196999045223333,-0.10609283365623559,-0.10654723855584972,-0.09959371729891564,-0.08614666801643306,-0.14591632865635226,-0.137612306827009,-0.13273941610756218,-0.16818922009391257,-0.2004342210015192,-0.21634973945656671,-0.23028775165132356,-0.2942545666745866,-0.26730369385057756
GBP-EUR,0,USD,60,-0.2454569065656852,-0.23983281993577837,-0.2581724603592888,-0.31649293985772514,-0.26967200823257415,-0.21629096163145914,-0.26429998145076344,-0.21846291571821966,-0.24218908201669753,-0.2301369608704012,-0.23533353490992023,-0.276323645137638,-0.26301499565390507,-0.260168723724719,-0.2669182996096159,-0.2292823957394663,-0.18002570890426675,-0.15782674292819412,-0.14247797134854176,-0.1284991718319909,-0.13538016834122207,-0.16809031548259878,-0.16065143124220344,-0.16449743070526815,-0.20626128146998315,-0.22739394202314872,-0.23543230128072978,-0.23354369358015842,-0.2924752602789045,-0.2914101377457686
GBP-EUR,0,USD,120,-0.20545388082474664,-0.1938197057903846,-0.2106609298386078,-0.3076606067600131,-0.26121985931733804,-0.22461263443489643,-0.2719262878520694,-0.2317459595917862,-0.25036682693659623,-0.2322584169558153,-0.2383549511876301,-0.2722805206050977,-0.27937198375946626,-0.2885492718851717,-0.3005497439939288,-0.27695484345896876,-0.22068383630883143,-0.1923069992512968,-0.16559398970116204,-0.1361511679233385,-0.14945177483500885,-0.16471994185939337,-0.1567328966896586,-0.166382058367464,-0.21129627368890555,-0.22861388794874526,-0.22594975810927095,-0.21897557855684538,-0.25295372751148276,-0.2511962905894195
GBP-EUR,0,USD,240,-0.171961930020688,-0.16054691217493203,-0.16593070862928166,-0.2623656923254409,-0.22861673533392418,-0.21506558529134995,-0.26886236513670925,-0.2178428604790314,-0.2332648153670104,-0.21975292027738766,-0.22974515958996336,-0.2552182726637878,-0.26291043183179547,-0.2744383139730198,-0.28141428185499934,-0.2738005132239368,-0.2239278443259835,-0.2014109066870558,-0.16647467971860533,-0.12919634906129948,-0.13563148903165748,-0.14441113176823747,-0.13446073981303733,-0.15907625964471378,-0.1999486467593343,-0.20129337148404342,-0.19248870599690873,-0.17432223299960956,-0.20722236128978133,-0.20588577342781036
GBP-EUR,0,USD-EUR,0,0.3047078049458979,0.3113114090973987,0.3658647912057998,0.42917485205296096,0.4203595599838074,0.4160444962670672,0.4037714021892362,0.3970784098916201,0.39561918122367334,0.3853049530765449,0.4074216884562624,0.39458566161063197,0.40179775602128354,0.4066540017700518,0.42065203955570074,0.4104149662722096,0.36871012168248046,0.3438418845728411,0.37593706380831443,0.39630187461856503,0.34088321867122334,0.3609433392750848,0.3331025067135034,0.36337177655502517,0.34506471234207936,0.3366004888241907,0.3579683929726676,0.38362932153503365,0.34762813208015936,0.3322632242897856
USD,12,USD,24,0.8853173235038343,0.8925467164025915,0.8985140468452898,0.9053690234019931,0.9049480601274547,0.9021154622040272,0.9034989214837084,0.8878158589277568,0.8805647518924092,0.8875345263038874,0.8762024498492746,0.8752116330308357,0.8803014753622641,0.8836415789809223,0.8890035440957219,0.90191696012941,0.9114829223115245,0.9064009317349384,0.9124814379395938,0.9113214919132878,0.9113771034528988,0.9028073233567958,0.9041735269449951,0.898724677064682,0.8963449845141864,0.8890866104282011,0.8864693152512138,0.8818923435826455,0.8694244610342142,0.8761703533637762
USD,12,USD,60,0.6911532208483864,0.7039595392319888,0.7192739389139912,0.7359699677373142,0.7409500428853021,0.7458786860949972,0.7433498859778538,0.7170837010478545,0.7011968799824726,0.7050405712650923,0.6998560873309564,0.697490850091642,0.7009841305715665,0.6940377020505137,0.689544555558273,0.7074532273763716,0.714866188107799,0.7004961102888393,0.6997328994757013,0.7208445928589106,0.7297448950224341,0.7195745019103355,0.735394731385498,0.7150637817209853,0.7162933923668111,0.7043255624138378,0.6938563994846138,0.6833058872207297,0.6751225921681524,0.6851782473722706
USD,12,USD,120,0.5761632754544054,0.5809679126474857,0.59204855754359,0.6079586995108182,0.6205866878230563,0.6426011494785396,0.6273908019947683,0.6016405757590388,0.5783291151696565,0.5823873896208954,0.5865251311269334,0.5899924678349237,0.5875723088321568,0.5752377805478948,0.5618902593101917,0.5843751487607394,0.5900143410356065,0.5759792240130538,0.576364817000958,0.6028447619574628,0.6053127514699972,0.5938388253797735,0.60725497579146,0.5841826454057994,0.581990538120687,0.5701945897822148,0.5600141204619975,0.5545553142263766,0.5577812180057131,0.5745844205450591
USD,12,USD,240,0.4889697197318454,0.49378806614481324,0.5058449462734216,0.5251106262038049,0.541841058296298,0.5671342975782374,0.5479300810970632,0.5140251877703027,0.4828978662644897,0.48263666763638213,0.48941201546838353,0.496862779499945,0.4931581640667652,0.4833098746823167,0.4576391338986077,0.47673301344041674,0.48792812466663277,0.46688149901127896,0.46912296239783724,0.5075136833605078,0.5045178712111286,0.4957571985136146,0.5080384267057204,0.4770893478176765,0.49713580928628204,0.48115941812984225,0.4800156677946827,0.47524432952810597,0.4838943720548555,0.49978329465655597
USD,12,USD-EUR,0,-0.16427123177764483,-0.18392123864012788,-0.18621318797056047,-0.1697833349056433,-0.15136645939095578,-0.11146864509986383,-0.12203597808771728,-0.11290799799157858,-0.12498389940751131,-0.10296129035253729,-0.13058830443330943,-0.15149149387485,-0.16416809694465617,-0.10956935863474027,-0.09805690039184474,-0.07789409747839984,-0.09144423106814983,-0.11144493200227722,-0.1037389809611809,-0.10689137356308538,-0.10903328744996786,-0.11859450000575922,-0.11491182362395877,-0.1081948253477754,-0.15122350605003843,-0.15799531454029958,-0.15802903245328337,-0.184620378050321,-0.19076638708895743,-0.18255372715531826
USD,24,USD,60,0.8911027855662947,0.893794621266203,0.8924814360884229,0.895950831052413,0.9021682513864724,0.9038326589278003,0.8984937689800032,0.886572105554968,0.881716206721834,0.8828374120032197,0.8842440481206043,0.8844824841089367,0.8798678916670283,0.8776910562230802,0.876354953035884,0.8857016896647718,0.8815032590676266,0.8769833368174299,0.8667372712718928,0.8773624519547426,0.8837681859601264,0.8795787896168615,0.8884063123211602,0.8910043278640173,0.8952412983628573,0.892268712648625,0.8902575169228937,0.8921258886799447,0.8892065369427763,0.8927664735619761
USD,24,USD,120,0.7589951612457951,0.760499202713641,0.7489564730147523,0.7519925389648447,0.7642360863305293,0.7768096313015393,0.7593157919999736,0.7438348362155852,0.7192295989973827,0.7189975567412272,0.7255474025230402,0.731073062035886,0.7279151749289008,0.7287629438324148,0.7180739484321791,0.7396261910339234,0.7371824165015842,0.7322927227705687,0.7192212055717414,0.7354230316997469,0.7366874763189727,0.726288591904834,0.7345559303448472,0.7354151163054071,0.7453837987116876,0.740281834092674,0.7366282160285264,0.746116653990204,0.7389296212219008,0.7557919137541732
USD,24,USD,240,0.6562378021405508,0.6610911599751668,0.6475735117004491,0.6454307669296279,0.6585725031944987,0.6711631634047973,0.6505389354666319,0.6300414479119215,0.5910124878332343,0.5896300784458405,0.5995778574086242,0.612907958753842,0.6131328053514911,0.6205193189694909,0.5978877998955878,0.6187425147114831,0.6248051345727977,0.6134183476892632,0.5951305649173723,0.6204649675497621,0.6135148923703879,0.6032602487317112,0.6048792302870603,0.6007485782327056,0.6274226788442805,0.6194703002894208,0.6224583749319764,0.6394801838235977,0.6258559284218104,0.6535202559727484
USD,24,USD-EUR,0,-0.15672437993585436,-0.1818810345433138,-0.19024761109629032,-0.17873175205656802,-0.14523050965419926,-0.08816300148630728,-0.10661002383100124,-0.0854562075701977,-0.0927177985780103,-0.08042806179944688,-0.07613197436852126,-0.10925526808062139,-0.15125197994264344,-0.12039137723361747,-0.0997290316904294,-0.07627100038820056,-0.0889384043661405,-0.10678532553619899,-0.08963616754628084,-0.08022310824491442,-0.10759683121446462,-0.11022869789435856,-0.10038011221106413,-0.09679361847288417,-0.16238496047770581,-0.16698122310030228,-0.15747022851825443,-0.16613693537046523,-0.16395213041994305,-0.17356123984403285
USD,60,USD,120,0.9448416442048961,0.9443201816159364,0.938993120570325,0.937391309660639,0.9380087086952265,0.946416207006547,0.9402649815705173,0.9383439745002823,0.9267603876498756,0.9266062927708769,0.9299384599748507,0.9345425482991666,0.933753347212239,0.9383281379972674,0.9360303703129463,0.9385703440452845,0.9437742852534379,0.9447040926418733,0.94574206619468,0.946048977562274,0.9423378831206496,0.9385946063102382,0.9347615992795383,0.9346720405618404,0.9366688521665167,0.9376368998740167,0.9329244523374735,0.9365268695934756,0.9312585931735001,0.9384093970957214
USD,60,USD,240,0.8627612119498353,0.8653683453655211,0.8579985114591167,0.8474444719297135,0.8475315903013785,0.8547274719794747,0.8428856742533255,0.8368619790941793,0.8124129146211156,0.8107383094163907,0.8147438158511571,0.8284162286975014,0.8295811827729186,0.8435542031604328,0.8364220416340051,0.8413979779764291,0.8590294975652909,0.8577807156992587,0.8562512327687665,0.8609369082125775,0.8517313509858216,0.8504672695250407,0.839746997529452,0.8333242097758613,0.8426932904901627,0.8463718477197513,0.841972576231479,0.8524127148467142,0.8382136987893433,0.84909755385503
USD,60,USD-EUR,0,-0.14519084310691333,-0.18820432182592364,-0.2303125882912319,-0.22786117779250095,-0.1735308737194616,-0.10996962059493806,-0.13097508750152725,-0.12650155463286103,-0.1305114966988862,-0.09831028992882414,-0.08178649723661705,-0.11416697957058687,-0.1697408427567632,-0.15329953952695605,-0.13765516439170716,-0.1166207180888165,-0.11347550192985612,-0.10585607320448868,-0.08267386068380059,-0.045996356285139504,-0.07953950361558572,-0.07831806593284535,-0.0904175677013777,-0.07540510821060432,-0.14826911336700804,-0.15087707002872602,-0.13923441735679926,-0.13568275941338492,-0.14823929421475876,-0.1629347621715153
USD,120,USD,240,0.9692107760083811,0.9710628339147601,0.9719570606891484,0.9678920183313017,0.9678724135524568,0.9643176447072241,0.9609016892081987,0.9601026249247537,0.9566801345967278,0.9558667623162462,0.955905510482958,0.9597613657688487,0.9611803363965816,0.964905513678206,0.963446609066201,0.9648584960319588,0.9685853178846103,0.9682538004565323,0.9669241447907357,0.9683403011037078,0.9669949855802114,0.9688737565693216,0.9651807104506581,0.9623984086614599,0.9643278496467895,0.9647657209726663,0.9651510719646661,0.9672372889360923,0.9662413557612249,0.9663757569702474
USD,120,USD-EUR,0,-0.10256131873853133,-0.15186460783914463,-0.21870848244273844,-0.22814700385457837,-0.1737606366378296,-0.10638236136103726,-0.13960575568683492,-0.13104945742146387,-0.13732145384939654,-0.11133328625010888,-0.09136008220193782,-0.11400351098965504,-0.16336163762462355,-0.14098594493688668,-0.12049167284820324,-0.12617359176357476,-0.11707844402534996,-0.09097080806409295,-0.07506682322531019,-0.02692089954369167,-0.050317559727234513,-0.04113828948807105,-0.05303274752387895,-0.03430459644974049,-0.09979017161524634,-0.09298221661142057,-0.07808841875928121,-0.07687916813254123,-0.08914433725012144,-0.10483199823212364
USD,240,USD-EUR,0,-0.07318298551895965,-0.11866909881108123,-0.184301716357136,-0.2069773709397363,-0.1499862802105269,-0.08806031750384898,-0.12372860246102636,-0.10395032216347047,-0.11286116628705796,-0.09334010251770787,-0.08020132446349815,-0.09865512937767074,-0.14031827203531685,-0.11788374741556795,-0.0965397181047886,-0.11237002523138807,-0.10686211499731264,-0.07843411069356815,-0.06853752078806118,-0.01725223813060367,-0.016385466554065226,0.002030881997083218,-0.019186161752789338,0.010116039439775319,-0.05263142338430524,-0.04519557620467506,-0.03881173056725127,-0.04729420526907321,-0.06041913308979716,-0.06473404405859905
